url,status,title,title_length,description,description_length,canonical,h1,schema_types,internal_referring_pages,html_bytes_uncompressed,inline_css_bytes_uncompressed,paragraph_and_definition_words
https://text-effects.colorion.co/,200,99 CSS Text Effects & Animations — Free Copy & Paste,52,"99 free CSS text effects and text animations: glitch, neon, gradient, typewriter, 3D and more. Pure CSS, no JavaScript. Copy & paste the code.",142,https://text-effects.colorion.co/,"99 CSS text effects& animations, free to copy.",WebSite | CollectionPage | FAQPage,109,236024,106648,347
https://text-effects.colorion.co/text-effect-generator/,200,Text Effect Generator — Free Animated CSS Text Maker,52,"Free text effect generator: type your text, pick colours and preview 99 animated text effects live. Copy the HTML & CSS in one click, no sign-up.",145,https://text-effects.colorion.co/text-effect-generator/,Text effect generator,WebSite | BreadcrumbList | WebApplication,100,222672,106648,83
https://text-effects.colorion.co/css-gradient-text-animations/,200,10 CSS Gradient Text Animations — Free Copy & Paste Code,56,"10 free gradient text animations in pure CSS. Animated gradient, rainbow and colour-shifting text. No JavaScript, just copy & paste.",132,https://text-effects.colorion.co/css-gradient-text-animations/,10 CSS Gradient Text Animations,WebSite | BreadcrumbList | CollectionPage,20,56546,34357,80
https://text-effects.colorion.co/css-glitch-text-effects/,200,7 CSS Glitch Text Effects — Free Copy & Paste Code,50,"7 free glitch text effects in pure CSS. RGB split, sliced, jittering and signal-noise glitch text. No JavaScript, just copy & paste.",132,https://text-effects.colorion.co/css-glitch-text-effects/,7 CSS Glitch Text Effects,WebSite | BreadcrumbList | CollectionPage,17,52746,32941,76
https://text-effects.colorion.co/css-neon-glow-text-effects/,200,10 CSS Neon & Glow Text Effects — Free Copy & Paste Code,56,"10 free neon & glow text effects in pure CSS. Neon signs, fire, sparkle, electric and soft-glow text. No JavaScript, just copy & paste.",135,https://text-effects.colorion.co/css-neon-glow-text-effects/,10 CSS Neon & Glow Text Effects,WebSite | BreadcrumbList | CollectionPage,20,55589,33727,69
https://text-effects.colorion.co/css-text-reveal-animations/,200,14 CSS Text Reveal & Typing Animations — Free Code,50,"14 free text reveal & typing animations in pure CSS. Typewriter, scramble, highlighter, shimmer and wipe-in text reveals. No JavaScript, just copy & paste.",155,https://text-effects.colorion.co/css-text-reveal-animations/,14 CSS Text Reveal & Typing Animations,WebSite | BreadcrumbList | CollectionPage,24,60748,35600,79
https://text-effects.colorion.co/css-3d-text-effects/,200,11 CSS 3D Text Effects — Free Copy & Paste Code,47,"11 free 3D text effects in pure CSS. Extruded, rotating, folding, reflected and long-shadow 3D text. No JavaScript, just copy & paste.",134,https://text-effects.colorion.co/css-3d-text-effects/,11 CSS 3D Text Effects,WebSite | BreadcrumbList | CollectionPage,21,58918,35519,77
https://text-effects.colorion.co/css-retro-text-effects/,200,7 Retro CSS Text Effects — Free Copy & Paste Code,49,"7 free retro text effects in pure CSS. 70s retro, CRT terminal, split-flap, LED board, dot-matrix and matrix-rain text. No JavaScript, just copy & paste.",153,https://text-effects.colorion.co/css-retro-text-effects/,7 Retro CSS Text Effects,WebSite | BreadcrumbList | CollectionPage,17,52858,32467,73
https://text-effects.colorion.co/css-letter-animations/,200,23 CSS Letter Animations — Free Copy & Paste Code,49,"23 free letter animations in pure CSS. Per-letter wave, bounce, pendulum, domino, explode and marquee text animations. No JavaScript, just copy & paste.",152,https://text-effects.colorion.co/css-letter-animations/,23 CSS Letter Animations,WebSite | BreadcrumbList | CollectionPage,33,80119,45556,76
https://text-effects.colorion.co/css-textured-text-effects/,200,17 CSS Textured & Material Text Effects — Free Code,51,"17 free textured & material text effects in pure CSS. Chrome, gold foil, marble, glass, liquid, ice, grunge and film-grain text.",128,https://text-effects.colorion.co/css-textured-text-effects/,17 CSS Textured & Material Text Effects,WebSite | BreadcrumbList | CollectionPage,27,70402,44032,74
https://text-effects.colorion.co/effects/aurora-gradient-text-animation/,200,"Aurora Gradient Text Animation — Pure CSS, Free Code",52,"Aurora Gradient Text Animation in pure CSS: aurora gradient drifting through the letters. Free HTML & CSS to copy, no JavaScript.",129,https://text-effects.colorion.co/effects/aurora-gradient-text-animation/,Aurora Gradient Text Animation in pure CSS,WebSite | BreadcrumbList | TechArticle,14,57754,32575,185
https://text-effects.colorion.co/effects/glitch-text-effect/,200,"Glitch Text Effect — Pure CSS, Free Code",40,"Glitch Text Effect in pure CSS: RGB channel-split glitch with sliced jumps. Free HTML & CSS to copy, no JavaScript.",115,https://text-effects.colorion.co/effects/glitch-text-effect/,Glitch Text Effect in pure CSS,WebSite | BreadcrumbList | TechArticle,11,60136,32941,200
https://text-effects.colorion.co/effects/typewriter-effect/,200,"Typewriter Text Effect — Pure CSS, Free Code",44,"Typewriter Text Effect in pure CSS: typewriter with blinking caret. Free HTML & CSS to copy, no JavaScript.",107,https://text-effects.colorion.co/effects/typewriter-effect/,Typewriter Text Effect in pure CSS,WebSite | BreadcrumbList | TechArticle,10,56138,31389,132
https://text-effects.colorion.co/effects/neon-text-effect/,200,"Neon Text Effect — Pure CSS, Free Code",38,"Neon Text Effect in pure CSS: buzzing neon sign with unstable tube flicker. Free HTML & CSS to copy, no JavaScript.",115,https://text-effects.colorion.co/effects/neon-text-effect/,Neon Text Effect in pure CSS,WebSite | BreadcrumbList | TechArticle,12,55808,31246,131
https://text-effects.colorion.co/effects/liquid-fill-text-animation/,200,"Liquid Fill Text Animation — Pure CSS, Free Code",48,"Liquid Fill Text Animation in pure CSS: the word fills with liquid that rises and drains. Free HTML & CSS to copy, no JavaScript.",129,https://text-effects.colorion.co/effects/liquid-fill-text-animation/,Liquid Fill Text Animation in pure CSS,WebSite | BreadcrumbList | TechArticle,12,56740,31662,166
https://text-effects.colorion.co/effects/chrome-text-effect/,200,"Chrome Metallic Text Effect — Pure CSS, Free Code",49,"Chrome Metallic Text Effect in pure CSS: brushed-metal letters with a passing sheen. Free HTML & CSS to copy, no JavaScript.",124,https://text-effects.colorion.co/effects/chrome-text-effect/,Chrome Metallic Text Effect in pure CSS,WebSite | BreadcrumbList | TechArticle,16,56953,32094,146
https://text-effects.colorion.co/effects/blur-focus-text-animation/,200,"Text Blur Focus Effect — Pure CSS, Free Code",44,"Text Blur Focus Effect in pure CSS: letters slip in and out of focus, one after another. Free HTML & CSS to copy, no JavaScript.",128,https://text-effects.colorion.co/effects/blur-focus-text-animation/,Text Blur Focus Effect in pure CSS,WebSite | BreadcrumbList | TechArticle,7,58937,31356,163
https://text-effects.colorion.co/effects/wave-text-animation/,200,"Wavy Text Animation — Pure CSS, Free Code",41,"Wavy Text Animation in pure CSS: letters ride a rolling sine wave. Free HTML & CSS to copy, no JavaScript.",106,https://text-effects.colorion.co/effects/wave-text-animation/,Wavy Text Animation in pure CSS,WebSite | BreadcrumbList | TechArticle,15,56839,30205,148
https://text-effects.colorion.co/effects/sliced-text-effect/,200,"Sliced Text Effect — Pure CSS, Free Code",40,"Sliced Text Effect in pure CSS: the word is sliced horizontally; halves drift apart and re-align. Free HTML & CSS to copy, no JavaScript.",137,https://text-effects.colorion.co/effects/sliced-text-effect/,Sliced Text Effect in pure CSS,WebSite | BreadcrumbList | TechArticle,11,58958,32941,183
https://text-effects.colorion.co/effects/text-scramble-effect/,200,"Text Scramble Decode Effect — Pure CSS, Free Code",49,"Text Scramble Decode Effect in pure CSS: scrambled characters decode into the word, then re-encrypt. Free HTML & CSS to copy, no JavaScript.",140,https://text-effects.colorion.co/effects/text-scramble-effect/,Text Scramble Decode Effect in pure CSS,WebSite | BreadcrumbList | TechArticle,9,58132,32230,149
https://text-effects.colorion.co/effects/scanning-highlight-text-effect/,200,"Scanning Highlight Text Effect — Pure CSS, Free Code",52,"Scanning Highlight Text Effect in pure CSS: a scanning bar sweeps the word, lighting letters as it passes. Free HTML & CSS to copy, no JavaScript.",146,https://text-effects.colorion.co/effects/scanning-highlight-text-effect/,Scanning Highlight Text Effect in pure CSS,WebSite | BreadcrumbList | TechArticle,12,58991,32213,176
https://text-effects.colorion.co/effects/fire-text-effect/,200,"Fire Text Effect — Pure CSS, Free Code",38,"Fire Text Effect in pure CSS: letters smoulder under rising fire light. Free HTML & CSS to copy, no JavaScript.",111,https://text-effects.colorion.co/effects/fire-text-effect/,Fire Text Effect in pure CSS,WebSite | BreadcrumbList | TechArticle,13,55618,31246,111
https://text-effects.colorion.co/effects/echo-text-effect/,200,"Echo Text Effect — Pure CSS, Free Code",38,"Echo Text Effect in pure CSS: ghost copies of the word ripple outward. Free HTML & CSS to copy, no JavaScript.",110,https://text-effects.colorion.co/effects/echo-text-effect/,Echo Text Effect in pure CSS,WebSite | BreadcrumbList | TechArticle,11,58668,32766,178
https://text-effects.colorion.co/effects/3d-text-effect/,200,"3D Extruded Text Effect — Pure CSS, Free Code",45,"3D Extruded Text Effect in pure CSS: extruded 3D block letters rocking on their axis. Free HTML & CSS to copy, no JavaScript.",125,https://text-effects.colorion.co/effects/3d-text-effect/,3D Extruded Text Effect in pure CSS,WebSite | BreadcrumbList | TechArticle,13,57960,32200,137
https://text-effects.colorion.co/effects/outline-text-animation/,200,"Animated Outline Text — Pure CSS, Free Code",43,"Animated Outline Text in pure CSS: a dashed outline endlessly traces the letterforms. Free HTML & CSS to copy, no JavaScript.",125,https://text-effects.colorion.co/effects/outline-text-animation/,Animated Outline Text in pure CSS,WebSite | BreadcrumbList | TechArticle,7,55365,30376,120
https://text-effects.colorion.co/effects/rainbow-text-animation/,200,"Rainbow Text Animation — Pure CSS, Free Code",44,"Rainbow Text Animation in pure CSS: each letter refracts a different band of the spectrum. Free HTML & CSS to copy, no JavaScript.",130,https://text-effects.colorion.co/effects/rainbow-text-animation/,Rainbow Text Animation in pure CSS,WebSite | BreadcrumbList | TechArticle,7,59047,31922,168
https://text-effects.colorion.co/effects/shaky-text-effect/,200,"Shaky Jitter Text Effect — Pure CSS, Free Code",46,"Shaky Jitter Text Effect in pure CSS: nervous analogue jitter: skews, jumps and dropped frames. Free HTML & CSS to copy, no JavaScript.",135,https://text-effects.colorion.co/effects/shaky-text-effect/,Shaky Jitter Text Effect in pure CSS,WebSite | BreadcrumbList | TechArticle,11,57922,32941,159
https://text-effects.colorion.co/effects/anaglyph-3d-text-effect/,200,"Anaglyph 3D Text Effect — Pure CSS, Free Code",45,"Anaglyph 3D Text Effect in pure CSS: red/cyan stereo channels drift apart and snap back. Free HTML & CSS to copy, no JavaScript.",128,https://text-effects.colorion.co/effects/anaglyph-3d-text-effect/,Anaglyph 3D Text Effect in pure CSS,WebSite | BreadcrumbList | TechArticle,8,56763,32270,112
https://text-effects.colorion.co/effects/split-flap-text-animation/,200,"Split-Flap Display Text Animation — Pure CSS, Free Code",55,"Split-Flap Display Text Animation in pure CSS: airport departure board; letters flip on their plates. Free HTML & CSS to copy, no JavaScript.",141,https://text-effects.colorion.co/effects/split-flap-text-animation/,Split-Flap Display Text Animation in pure CSS,WebSite | BreadcrumbList | TechArticle,10,60695,32467,191
https://text-effects.colorion.co/effects/crt-terminal-text-effect/,200,"Retro CRT Terminal Text Effect — Pure CSS, Free Code",52,"Retro CRT Terminal Text Effect in pure CSS: CRT terminal: green glow, rolling scanlines, tube flicker. Free HTML & CSS to copy, no JavaScript.",142,https://text-effects.colorion.co/effects/crt-terminal-text-effect/,Retro CRT Terminal Text Effect in pure CSS,WebSite | BreadcrumbList | TechArticle,10,59576,32467,214
https://text-effects.colorion.co/effects/pop-art-text-effect/,200,"Pop Art Comic Text Effect — Pure CSS, Free Code",47,"Pop Art Comic Text Effect in pure CSS: letters leap with a hard comic-book drop shadow. Free HTML & CSS to copy, no JavaScript.",127,https://text-effects.colorion.co/effects/pop-art-text-effect/,Pop Art Comic Text Effect in pure CSS,WebSite | BreadcrumbList | TechArticle,15,60067,32391,168
https://text-effects.colorion.co/effects/spotlight-text-effect/,200,"Spotlight Text Effect — Pure CSS, Free Code",43,"Spotlight Text Effect in pure CSS: a spotlight sweeps across otherwise unlit letters. Free HTML & CSS to copy, no JavaScript.",125,https://text-effects.colorion.co/effects/spotlight-text-effect/,Spotlight Text Effect in pure CSS,WebSite | BreadcrumbList | TechArticle,7,55600,31037,146
https://text-effects.colorion.co/effects/rubber-band-text-animation/,200,"Rubber Band Text Animation — Pure CSS, Free Code",48,"Rubber Band Text Animation in pure CSS: the word squashes and stretches like an elastic band. Free HTML & CSS to copy, no JavaScript.",133,https://text-effects.colorion.co/effects/rubber-band-text-animation/,Rubber Band Text Animation in pure CSS,WebSite | BreadcrumbList | TechArticle,8,55488,30043,121
https://text-effects.colorion.co/effects/text-reflection-effect/,200,"Water Reflection Text Effect — Pure CSS, Free Code",50,"Water Reflection Text Effect in pure CSS: the word floats over its own rippling reflection. Free HTML & CSS to copy, no JavaScript.",131,https://text-effects.colorion.co/effects/text-reflection-effect/,Water Reflection Text Effect in pure CSS,WebSite | BreadcrumbList | TechArticle,7,57219,31784,161
https://text-effects.colorion.co/effects/ransom-note-text-effect/,200,"Ransom Note Text Effect — Pure CSS, Free Code",45,"Ransom Note Text Effect in pure CSS: mismatched cut-out letters shifting on the page. Free HTML & CSS to copy, no JavaScript.",125,https://text-effects.colorion.co/effects/ransom-note-text-effect/,Ransom Note Text Effect in pure CSS,WebSite | BreadcrumbList | TechArticle,12,58769,30205,150
https://text-effects.colorion.co/effects/melting-text-effect/,200,"Melting Text Effect — Pure CSS, Free Code",41,"Melting Text Effect in pure CSS: letters sag, stretch and drip before snapping back. Free HTML & CSS to copy, no JavaScript.",124,https://text-effects.colorion.co/effects/melting-text-effect/,Melting Text Effect in pure CSS,WebSite | BreadcrumbList | TechArticle,11,59423,31523,184
https://text-effects.colorion.co/effects/heartbeat-text-animation/,200,"Heartbeat Pulse Text Animation — Pure CSS, Free Code",52,"Heartbeat Pulse Text Animation in pure CSS: a lub-dub heartbeat with a systolic glow. Free HTML & CSS to copy, no JavaScript.",125,https://text-effects.colorion.co/effects/heartbeat-text-animation/,Heartbeat Pulse Text Animation in pure CSS,WebSite | BreadcrumbList | TechArticle,12,56302,31246,138
https://text-effects.colorion.co/effects/highlighter-text-effect/,200,"Highlighter Marker Text Effect — Pure CSS, Free Code",52,"Highlighter Marker Text Effect in pure CSS: a marker pen paints across the word, then lifts off. Free HTML & CSS to copy, no JavaScript.",136,https://text-effects.colorion.co/effects/highlighter-text-effect/,Highlighter Marker Text Effect in pure CSS,WebSite | BreadcrumbList | TechArticle,9,56376,31273,122
https://text-effects.colorion.co/effects/long-shadow-text-effect/,200,"Animated Long Shadow Text — Pure CSS, Free Code",47,"Animated Long Shadow Text in pure CSS: a long cast shadow circles the letters like a passing sun. Free HTML & CSS to copy, no JavaScript.",137,https://text-effects.colorion.co/effects/long-shadow-text-effect/,Animated Long Shadow Text in pure CSS,WebSite | BreadcrumbList | TechArticle,7,61021,32270,115
https://text-effects.colorion.co/effects/inverted-text-effect/,200,"Inverted Negative Text Effect — Pure CSS, Free Code",51,"Inverted Negative Text Effect in pure CSS: an inversion bar sweeps the word. Free HTML & CSS to copy, no JavaScript.",116,https://text-effects.colorion.co/effects/inverted-text-effect/,Inverted Negative Text Effect in pure CSS,WebSite | BreadcrumbList | TechArticle,7,56957,31294,148
https://text-effects.colorion.co/effects/hologram-text-effect/,200,"Hologram Text Effect — Pure CSS, Free Code",42,"Hologram Text Effect in pure CSS: translucent scanline projection with drifting chroma edges. Free HTML & CSS to copy, no JavaScript.",133,https://text-effects.colorion.co/effects/hologram-text-effect/,Hologram Text Effect in pure CSS,WebSite | BreadcrumbList | TechArticle,11,62470,32941,299
https://text-effects.colorion.co/effects/gold-text-effect/,200,"Gold Foil Text Effect — Pure CSS, Free Code",43,"Gold Foil Text Effect in pure CSS: embossed metallic letters with a diagonal specular sweep. Free HTML & CSS to copy, no JavaScript.",132,https://text-effects.colorion.co/effects/gold-text-effect/,Gold Foil Text Effect in pure CSS,WebSite | BreadcrumbList | TechArticle,13,57871,32304,180
https://text-effects.colorion.co/effects/pixel-text-effect/,200,"Pixel Sort Text Effect — Pure CSS, Free Code",44,"Pixel Sort Text Effect in pure CSS: blocky offsets smear the word into stepped digital columns. Free HTML & CSS to copy, no JavaScript.",135,https://text-effects.colorion.co/effects/pixel-text-effect/,Pixel Sort Text Effect in pure CSS,WebSite | BreadcrumbList | TechArticle,11,60410,32941,201
https://text-effects.colorion.co/effects/sparkle-text-effect/,200,"Sparkle Text Effect — Pure CSS, Free Code",41,"Sparkle Text Effect in pure CSS: a constellation shimmer twinkles across frosted letter faces. Free HTML & CSS to copy, no JavaScript.",134,https://text-effects.colorion.co/effects/sparkle-text-effect/,Sparkle Text Effect in pure CSS,WebSite | BreadcrumbList | TechArticle,7,58523,32451,163
https://text-effects.colorion.co/effects/blueprint-text-effect/,200,"Blueprint Grid Text Effect — Pure CSS, Free Code",48,"Blueprint Grid Text Effect in pure CSS: technical outline letters over a moving drafting grid. Free HTML & CSS to copy, no JavaScript.",134,https://text-effects.colorion.co/effects/blueprint-text-effect/,Blueprint Grid Text Effect in pure CSS,WebSite | BreadcrumbList | TechArticle,7,57656,31642,137
https://text-effects.colorion.co/effects/vaporwave-text-effect/,200,"Vaporwave Trail Text Effect — Pure CSS, Free Code",49,"Vaporwave Trail Text Effect in pure CSS: soft neon copies trail behind a drifting word. Free HTML & CSS to copy, no JavaScript.",127,https://text-effects.colorion.co/effects/vaporwave-text-effect/,Vaporwave Trail Text Effect in pure CSS,WebSite | BreadcrumbList | TechArticle,13,59588,32182,198
https://text-effects.colorion.co/effects/kinetic-typography-animation/,200,"Kinetic Typography Animation — Pure CSS, Free Code",50,"Kinetic Typography Animation in pure CSS: characters slide on staggered rails and lock into place. Free HTML & CSS to copy, no JavaScript.",138,https://text-effects.colorion.co/effects/kinetic-typography-animation/,Kinetic Typography Animation in pure CSS,WebSite | BreadcrumbList | TechArticle,11,60951,31523,185
https://text-effects.colorion.co/effects/redacted-text-effect/,200,"Redacted Text Effect — Pure CSS, Free Code",42,"Redacted Text Effect in pure CSS: redaction strips repeatedly hide and reveal classified text. Free HTML & CSS to copy, no JavaScript.",134,https://text-effects.colorion.co/effects/redacted-text-effect/,Redacted Text Effect in pure CSS,WebSite | BreadcrumbList | TechArticle,13,58896,31473,222
https://text-effects.colorion.co/effects/magnetic-letters-animation/,200,"Magnetic Letters Animation — Pure CSS, Free Code",48,"Magnetic Letters Animation in pure CSS: letters attract into a tight field, then repel outward. Free HTML & CSS to copy, no JavaScript.",135,https://text-effects.colorion.co/effects/magnetic-letters-animation/,Magnetic Letters Animation in pure CSS,WebSite | BreadcrumbList | TechArticle,14,61451,32391,167
https://text-effects.colorion.co/effects/mesh-gradient-text-animation/,200,"Mesh Gradient Text Animation — Pure CSS, Free Code",50,"Mesh Gradient Text Animation in pure CSS: animated mesh-gradient ink with a soft luminous edge. Free HTML & CSS to copy, no JavaScript.",135,https://text-effects.colorion.co/effects/mesh-gradient-text-animation/,Mesh Gradient Text Animation in pure CSS,WebSite | BreadcrumbList | TechArticle,10,58591,32575,162
https://text-effects.colorion.co/effects/iridescent-text-effect/,200,"Iridescent Text Effect — Pure CSS, Free Code",44,"Iridescent Text Effect in pure CSS: pearlescent text whose colour shifts with a moving angle. Free HTML & CSS to copy, no JavaScript.",133,https://text-effects.colorion.co/effects/iridescent-text-effect/,Iridescent Text Effect in pure CSS,WebSite | BreadcrumbList | TechArticle,10,58263,32575,218
https://text-effects.colorion.co/effects/glass-text-effect/,200,"Frosted Glass Text Effect — Pure CSS, Free Code",47,"Frosted Glass Text Effect in pure CSS: translucent frosted letters with an offset refraction layer. Free HTML & CSS to copy, no JavaScript.",139,https://text-effects.colorion.co/effects/glass-text-effect/,Frosted Glass Text Effect in pure CSS,WebSite | BreadcrumbList | TechArticle,12,60500,32701,246
https://text-effects.colorion.co/effects/matrix-text-effect/,200,"Matrix Data Stream Text Effect — Pure CSS, Free Code",52,"Matrix Data Stream Text Effect in pure CSS: matrix-like data bands flow through clipped letterforms. Free HTML & CSS to copy, no JavaScript.",140,https://text-effects.colorion.co/effects/matrix-text-effect/,Matrix Data Stream Text Effect in pure CSS,WebSite | BreadcrumbList | TechArticle,11,60142,32467,206
https://text-effects.colorion.co/effects/orbiting-letters-animation/,200,"Orbiting Letters Animation — Pure CSS, Free Code",48,"Orbiting Letters Animation in pure CSS: letters circle tiny invisible tracks before settling back. Free HTML & CSS to copy, no JavaScript.",138,https://text-effects.colorion.co/effects/orbiting-letters-animation/,Orbiting Letters Animation in pure CSS,WebSite | BreadcrumbList | TechArticle,14,59952,31488,168
https://text-effects.colorion.co/effects/prism-text-effect/,200,"Prism Refraction Text Effect — Pure CSS, Free Code",50,"Prism Refraction Text Effect in pure CSS: diagonal glass shards refract the word into colour offsets. Free HTML & CSS to copy, no JavaScript.",141,https://text-effects.colorion.co/effects/prism-text-effect/,Prism Refraction Text Effect in pure CSS,WebSite | BreadcrumbList | TechArticle,7,59341,32465,185
https://text-effects.colorion.co/effects/soft-glow-text-animation/,200,"Soft Blur Glow Text Animation — Pure CSS, Free Code",51,"Soft Blur Glow Text Animation in pure CSS: a modern bloom effect that breathes between crisp and hazy. Free HTML & CSS to copy, no JavaScript.",142,https://text-effects.colorion.co/effects/soft-glow-text-animation/,Soft Blur Glow Text Animation in pure CSS,WebSite | BreadcrumbList | TechArticle,13,56566,31246,177
https://text-effects.colorion.co/effects/laser-cut-text-effect/,200,"Laser Cut Text Effect — Pure CSS, Free Code",43,"Laser Cut Text Effect in pure CSS: a hot scanning blade carves a bright split through the word. Free HTML & CSS to copy, no JavaScript.",135,https://text-effects.colorion.co/effects/laser-cut-text-effect/,Laser Cut Text Effect in pure CSS,WebSite | BreadcrumbList | TechArticle,11,59777,32941,203
https://text-effects.colorion.co/effects/circuit-board-text-effect/,200,"Circuit Board Text Effect — Pure CSS, Free Code",47,"Circuit Board Text Effect in pure CSS: circuit-board traces scroll beneath monospaced letter masks. Free HTML & CSS to copy, no JavaScript.",139,https://text-effects.colorion.co/effects/circuit-board-text-effect/,Circuit Board Text Effect in pure CSS,WebSite | BreadcrumbList | TechArticle,12,57373,31364,163
https://text-effects.colorion.co/effects/thermal-heatmap-text-effect/,200,"Thermal Heatmap Text Effect — Pure CSS, Free Code",49,"Thermal Heatmap Text Effect in pure CSS: thermal colour blooms migrate across dense letter shapes. Free HTML & CSS to copy, no JavaScript.",138,https://text-effects.colorion.co/effects/thermal-heatmap-text-effect/,Thermal Heatmap Text Effect in pure CSS,WebSite | BreadcrumbList | TechArticle,11,58531,32575,162
https://text-effects.colorion.co/effects/parallax-text-shadow-animation/,200,"Parallax Layered Shadow Text — Pure CSS, Free Code",50,"Parallax Layered Shadow Text in pure CSS: coloured shadow layers drift at different speeds per letter. Free HTML & CSS to copy, no JavaScript.",142,https://text-effects.colorion.co/effects/parallax-text-shadow-animation/,Parallax Layered Shadow Text in pure CSS,WebSite | BreadcrumbList | TechArticle,13,61603,32677,169
https://text-effects.colorion.co/effects/ink-bleed-text-effect/,200,"Ink Bleed Text Effect — Pure CSS, Free Code",43,"Ink Bleed Text Effect in pure CSS: editorial serif-like traps pulse as heavy ink floods corners. Free HTML & CSS to copy, no JavaScript.",136,https://text-effects.colorion.co/effects/ink-bleed-text-effect/,Ink Bleed Text Effect in pure CSS,WebSite | BreadcrumbList | TechArticle,8,63987,36654,222
https://text-effects.colorion.co/effects/topographic-text-effect/,200,"Topographic Contour Text Effect — Pure CSS, Free Code",53,"Topographic Contour Text Effect in pure CSS: contour-map lines crawl through the text fill. Free HTML & CSS to copy, no JavaScript.",131,https://text-effects.colorion.co/effects/topographic-text-effect/,Topographic Contour Text Effect in pure CSS,WebSite | BreadcrumbList | TechArticle,13,57863,32234,179
https://text-effects.colorion.co/effects/tv-signal-distortion-text-effect/,200,"TV Signal Distortion Text Effect — Pure CSS, Free Code",54,"TV Signal Distortion Text Effect in pure CSS: broadcast interference bends the word into noisy bands. Free HTML & CSS to copy, no JavaScript.",141,https://text-effects.colorion.co/effects/tv-signal-distortion-text-effect/,TV Signal Distortion Text Effect in pure CSS,WebSite | BreadcrumbList | TechArticle,11,60476,32941,220
https://text-effects.colorion.co/effects/vortex-text-effect/,200,"Portal Vortex Text Effect — Pure CSS, Free Code",47,"Portal Vortex Text Effect in pure CSS: a conic vortex opens inside the letters and rotates behind them. Free HTML & CSS to copy, no JavaScript.",143,https://text-effects.colorion.co/effects/vortex-text-effect/,Portal Vortex Text Effect in pure CSS,WebSite | BreadcrumbList | TechArticle,14,60089,32553,226
https://text-effects.colorion.co/effects/tilt-shift-text-effect/,200,"Tilt-Shift Blur Text Effect — Pure CSS, Free Code",49,"Tilt-Shift Blur Text Effect in pure CSS: a sharp focal strip travels through blurred duplicate text. Free HTML & CSS to copy, no JavaScript.",140,https://text-effects.colorion.co/effects/tilt-shift-text-effect/,Tilt-Shift Blur Text Effect in pure CSS,WebSite | BreadcrumbList | TechArticle,8,58057,31409,182
https://text-effects.colorion.co/effects/duotone-text-effect/,200,"Duotone Offset Text Effect — Pure CSS, Free Code",48,"Duotone Offset Text Effect in pure CSS: two offset colour plates slide across a crisp centre layer. Free HTML & CSS to copy, no JavaScript.",139,https://text-effects.colorion.co/effects/duotone-text-effect/,Duotone Offset Text Effect in pure CSS,WebSite | BreadcrumbList | TechArticle,8,59072,32465,184
https://text-effects.colorion.co/effects/falling-letters-animation/,200,"Falling Letters Animation — Pure CSS, Free Code",47,"Falling Letters Animation in pure CSS: characters fall in staggered vertical trails and re-form. Free HTML & CSS to copy, no JavaScript.",136,https://text-effects.colorion.co/effects/falling-letters-animation/,Falling Letters Animation in pure CSS,WebSite | BreadcrumbList | TechArticle,12,62547,33181,185
https://text-effects.colorion.co/effects/3d-rotating-text-animation/,200,"3D Rotating Text Animation — Pure CSS, Free Code",48,"3D Rotating Text Animation in pure CSS: letters whirl on a spinning 3D drum, one frame after another. Free HTML & CSS to copy, no JavaScript.",141,https://text-effects.colorion.co/effects/3d-rotating-text-animation/,3D Rotating Text Animation in pure CSS,WebSite | BreadcrumbList | TechArticle,12,61294,32900,192
https://text-effects.colorion.co/effects/dot-matrix-text-effect/,200,"Dot Matrix Printer Text Effect — Pure CSS, Free Code",52,"Dot Matrix Printer Text Effect in pure CSS: halftone dot letters printed row by row under a bright head. Free HTML & CSS to copy, no JavaScript.",144,https://text-effects.colorion.co/effects/dot-matrix-text-effect/,Dot Matrix Printer Text Effect in pure CSS,WebSite | BreadcrumbList | TechArticle,10,57458,32249,150
https://text-effects.colorion.co/effects/swinging-text-animation/,200,"Swinging Pendulum Text Animation — Pure CSS, Free Code",54,"Swinging Pendulum Text Animation in pure CSS: letters swing from an unseen pivot in staggered phase. Free HTML & CSS to copy, no JavaScript.",140,https://text-effects.colorion.co/effects/swinging-text-animation/,Swinging Pendulum Text Animation in pure CSS,WebSite | BreadcrumbList | TechArticle,12,59472,31488,170
https://text-effects.colorion.co/effects/smoke-text-animation/,200,"Smoke Text Animation — Pure CSS, Free Code",42,"Smoke Text Animation in pure CSS: letters curl upward and dissipate like smoke, then re-form. Free HTML & CSS to copy, no JavaScript.",133,https://text-effects.colorion.co/effects/smoke-text-animation/,Smoke Text Animation in pure CSS,WebSite | BreadcrumbList | TechArticle,12,62674,33749,203
https://text-effects.colorion.co/effects/eclipse-text-effect/,200,"Eclipse Text Effect — Pure CSS, Free Code",41,"Eclipse Text Effect in pure CSS: a dark moon crosses the glowing word and dims it in passing. Free HTML & CSS to copy, no JavaScript.",133,https://text-effects.colorion.co/effects/eclipse-text-effect/,Eclipse Text Effect in pure CSS,WebSite | BreadcrumbList | TechArticle,13,57371,31246,133
https://text-effects.colorion.co/effects/barcode-scanner-text-effect/,200,"Barcode Scanner Text Effect — Pure CSS, Free Code",49,"Barcode Scanner Text Effect in pure CSS: striped code bars fill the word while a red beam scans it. Free HTML & CSS to copy, no JavaScript.",139,https://text-effects.colorion.co/effects/barcode-scanner-text-effect/,Barcode Scanner Text Effect in pure CSS,WebSite | BreadcrumbList | TechArticle,10,59348,32467,144
https://text-effects.colorion.co/effects/frozen-ice-text-effect/,200,"Frozen Ice Text Effect — Pure CSS, Free Code",44,"Frozen Ice Text Effect in pure CSS: ice creeps up the letters under a crystalline shimmer. Free HTML & CSS to copy, no JavaScript.",130,https://text-effects.colorion.co/effects/frozen-ice-text-effect/,Frozen Ice Text Effect in pure CSS,WebSite | BreadcrumbList | TechArticle,16,57952,31905,165
https://text-effects.colorion.co/effects/moire-pattern-text-effect/,200,"Moiré Pattern Text Effect — Pure CSS, Free Code",47,"Moiré Pattern Text Effect in pure CSS: two line screens drift against each other, weaving interference bands. Free HTML & CSS to copy, no JavaScript.",149,https://text-effects.colorion.co/effects/moire-pattern-text-effect/,Moiré Pattern Text Effect in pure CSS,WebSite | BreadcrumbList | TechArticle,11,56823,31364,166
https://text-effects.colorion.co/effects/rubber-stamp-text-effect/,200,"Rubber Stamp Text Effect — Pure CSS, Free Code",46,"Rubber Stamp Text Effect in pure CSS: the word slams down like an ink stamp, then fades off the page. Free HTML & CSS to copy, no JavaScript.",141,https://text-effects.colorion.co/effects/rubber-stamp-text-effect/,Rubber Stamp Text Effect in pure CSS,WebSite | BreadcrumbList | TechArticle,13,58540,32133,163
https://text-effects.colorion.co/effects/led-sign-text-effect/,200,"LED Sign Text Effect — Pure CSS, Free Code",42,"LED Sign Text Effect in pure CSS: stadium LED matrix letters with a chasing brightness sweep. Free HTML & CSS to copy, no JavaScript.",133,https://text-effects.colorion.co/effects/led-sign-text-effect/,LED Sign Text Effect in pure CSS,WebSite | BreadcrumbList | TechArticle,11,61448,32467,200
https://text-effects.colorion.co/effects/light-leak-text-effect/,200,"Light Leak Text Effect — Pure CSS, Free Code",44,"Light Leak Text Effect in pure CSS: cinematic colour veils wash diagonally through the word. Free HTML & CSS to copy, no JavaScript.",132,https://text-effects.colorion.co/effects/light-leak-text-effect/,Light Leak Text Effect in pure CSS,WebSite | BreadcrumbList | TechArticle,13,60719,32803,223
https://text-effects.colorion.co/effects/electric-text-effect/,200,"Electric Text Effect — Pure CSS, Free Code",42,"Electric Text Effect in pure CSS: letters crackle with staggered electric discharge flashes. Free HTML & CSS to copy, no JavaScript.",132,https://text-effects.colorion.co/effects/electric-text-effect/,Electric Text Effect in pure CSS,WebSite | BreadcrumbList | TechArticle,13,60848,31246,220
https://text-effects.colorion.co/effects/marble-text-effect/,200,"Marble Text Effect — Pure CSS, Free Code",40,"Marble Text Effect in pure CSS: liquid marble veins drift through polished stone letterforms. Free HTML & CSS to copy, no JavaScript.",133,https://text-effects.colorion.co/effects/marble-text-effect/,Marble Text Effect in pure CSS,WebSite | BreadcrumbList | TechArticle,16,58571,31905,163
https://text-effects.colorion.co/effects/water-ripple-text-effect/,200,"Water Ripple Text Effect — Pure CSS, Free Code",46,"Water Ripple Text Effect in pure CSS: concentric water rings expand through the word like a pond splash. Free HTML & CSS to copy, no JavaScript.",144,https://text-effects.colorion.co/effects/water-ripple-text-effect/,Water Ripple Text Effect in pure CSS,WebSite | BreadcrumbList | TechArticle,9,60427,32522,228
https://text-effects.colorion.co/effects/exploding-text-animation/,200,"Exploding Text Animation — Pure CSS, Free Code",46,"Exploding Text Animation in pure CSS: letters fracture outward then snap back into place. Free HTML & CSS to copy, no JavaScript.",129,https://text-effects.colorion.co/effects/exploding-text-animation/,Exploding Text Animation in pure CSS,WebSite | BreadcrumbList | TechArticle,13,66773,35149,257
https://text-effects.colorion.co/effects/film-grain-text-effect/,200,"Film Grain Text Effect — Pure CSS, Free Code",44,"Film Grain Text Effect in pure CSS: analogue silver-halide noise crawls over the letterforms. Free HTML & CSS to copy, no JavaScript.",133,https://text-effects.colorion.co/effects/film-grain-text-effect/,Film Grain Text Effect in pure CSS,WebSite | BreadcrumbList | TechArticle,9,63848,33849,243
https://text-effects.colorion.co/effects/underwater-caustics-text-effect/,200,"Underwater Caustics Text Effect — Pure CSS, Free Code",53,"Underwater Caustics Text Effect in pure CSS: underwater light ribbons swim and refract through the word. Free HTML & CSS to copy, no JavaScript.",144,https://text-effects.colorion.co/effects/underwater-caustics-text-effect/,Underwater Caustics Text Effect in pure CSS,WebSite | BreadcrumbList | TechArticle,12,60100,31905,165
https://text-effects.colorion.co/effects/origami-fold-text-animation/,200,"Origami Fold Text Animation — Pure CSS, Free Code",49,"Origami Fold Text Animation in pure CSS: paper letters hinge open on staggered folds, then tuck shut. Free HTML & CSS to copy, no JavaScript.",141,https://text-effects.colorion.co/effects/origami-fold-text-animation/,Origami Fold Text Animation in pure CSS,WebSite | BreadcrumbList | TechArticle,14,63794,32863,261
https://text-effects.colorion.co/effects/domino-letters-animation/,200,"Domino Falling Letters Animation — Pure CSS, Free Code",54,"Domino Falling Letters Animation in pure CSS: letters topple in a chain reaction, then spring back upright. Free HTML & CSS to copy, no JavaScript.",147,https://text-effects.colorion.co/effects/domino-letters-animation/,Domino Falling Letters Animation in pure CSS,WebSite | BreadcrumbList | TechArticle,8,66870,35071,225
https://text-effects.colorion.co/effects/zipper-text-animation/,200,"Zipper Text Animation — Pure CSS, Free Code",43,"Zipper Text Animation in pure CSS: letters interlock like zipper teeth behind a travelling slider. Free HTML & CSS to copy, no JavaScript.",138,https://text-effects.colorion.co/effects/zipper-text-animation/,Zipper Text Animation in pure CSS,WebSite | BreadcrumbList | TechArticle,11,66778,33622,205
https://text-effects.colorion.co/effects/equalizer-text-animation/,200,"Audio Equalizer Text Animation — Pure CSS, Free Code",52,"Audio Equalizer Text Animation in pure CSS: letters ride the peaks of a pumping audio meter. Free HTML & CSS to copy, no JavaScript.",132,https://text-effects.colorion.co/effects/equalizer-text-animation/,Audio Equalizer Text Animation in pure CSS,WebSite | BreadcrumbList | TechArticle,12,65726,33992,185
https://text-effects.colorion.co/effects/gooey-liquid-metal-text-effect/,200,"Gooey Liquid Metal Text Effect — Pure CSS, Free Code",52,"Gooey Liquid Metal Text Effect in pure CSS: liquid-metal letters puddle together, then reform. Free HTML & CSS to copy, no JavaScript.",134,https://text-effects.colorion.co/effects/gooey-liquid-metal-text-effect/,Gooey Liquid Metal Text Effect in pure CSS,WebSite | BreadcrumbList | TechArticle,6,62370,32764,237
https://text-effects.colorion.co/effects/radar-sonar-text-effect/,200,"Radar Sonar Text Effect — Pure CSS, Free Code",45,"Radar Sonar Text Effect in pure CSS: a radar sweep lights the word like a returning ping. Free HTML & CSS to copy, no JavaScript.",129,https://text-effects.colorion.co/effects/radar-sonar-text-effect/,Radar Sonar Text Effect in pure CSS,WebSite | BreadcrumbList | TechArticle,8,61715,32451,238
https://text-effects.colorion.co/effects/hyperspace-zoom-text-animation/,200,"Hyperspace Zoom Text Animation — Pure CSS, Free Code",52,"Hyperspace Zoom Text Animation in pure CSS: letters punch out of deep Z and blow past the camera. Free HTML & CSS to copy, no JavaScript.",137,https://text-effects.colorion.co/effects/hyperspace-zoom-text-animation/,Hyperspace Zoom Text Animation in pure CSS,WebSite | BreadcrumbList | TechArticle,14,62528,32863,244
https://text-effects.colorion.co/effects/shimmer-text-effect/,200,"Shimmer Text Effect — Pure CSS, Free Code",41,"Shimmer Text Effect in pure CSS: the AI shimmer: a soft luminance band sweeps muted letters. Free HTML & CSS to copy, no JavaScript.",132,https://text-effects.colorion.co/effects/shimmer-text-effect/,Shimmer Text Effect in pure CSS,WebSite | BreadcrumbList | TechArticle,7,57301,31979,149
https://text-effects.colorion.co/effects/marquee-text-animation/,200,"Infinite Marquee Text Animation — Pure CSS, Free Code",53,"Infinite Marquee Text Animation in pure CSS: endless editorial marquee gliding one seamless loop. Free HTML & CSS to copy, no JavaScript.",137,https://text-effects.colorion.co/effects/marquee-text-animation/,Infinite Marquee Text Animation in pure CSS,WebSite | BreadcrumbList | TechArticle,6,55724,30043,119
https://text-effects.colorion.co/effects/slam-text-animation/,200,"Text Slam Effect Animation — Pure CSS, Free Code",48,"Text Slam Effect Animation in pure CSS: the word crashes in from nowhere with an RGB shake and shockwave. Free HTML & CSS to copy, no JavaScript.",145,https://text-effects.colorion.co/effects/slam-text-animation/,Text Slam Effect Animation in pure CSS,WebSite | BreadcrumbList | TechArticle,6,63943,33992,211
https://text-effects.colorion.co/effects/karaoke-text-fill-animation/,200,"Karaoke Text Fill Animation — Pure CSS, Free Code",49,"Karaoke Text Fill Animation in pure CSS: karaoke highlight paints each letter left-to-right with a bounce. Free HTML & CSS to copy, no JavaScript.",146,https://text-effects.colorion.co/effects/karaoke-text-fill-animation/,Karaoke Text Fill Animation in pure CSS,WebSite | BreadcrumbList | TechArticle,13,62345,32307,216
https://text-effects.colorion.co/effects/holographic-card-text-effect/,200,"Holographic Card Text Effect — Pure CSS, Free Code",50,"Holographic Card Text Effect in pure CSS: a holographic trading card tilts, ridge-stripes flipping colour. Free HTML & CSS to copy, no JavaScript.",146,https://text-effects.colorion.co/effects/holographic-card-text-effect/,Holographic Card Text Effect in pure CSS,WebSite | BreadcrumbList | TechArticle,14,63434,32575,286
https://text-effects.colorion.co/effects/balloon-text-animation/,200,"Inflating Balloon Text Animation — Pure CSS, Free Code",54,"Inflating Balloon Text Animation in pure CSS: balloon letters inflate from flat, catch a highlight, then deflate. Free HTML & CSS to copy, no JavaScript.",153,https://text-effects.colorion.co/effects/balloon-text-animation/,Inflating Balloon Text Animation in pure CSS,WebSite | BreadcrumbList | TechArticle,7,65059,32353,237
https://text-effects.colorion.co/effects/liquid-glass-text-effect/,200,"Liquid Glass Lens Text Effect — Pure CSS, Free Code",51,"Liquid Glass Lens Text Effect in pure CSS: a glass puck glides over the word. Free HTML & CSS to copy, no JavaScript.",117,https://text-effects.colorion.co/effects/liquid-glass-text-effect/,Liquid Glass Lens Text Effect in pure CSS,WebSite | BreadcrumbList | TechArticle,7,67885,36354,231
https://text-effects.colorion.co/effects/motion-blur-text-animation/,200,"Motion Blur Text Animation — Pure CSS, Free Code",48,"Motion Blur Text Animation in pure CSS: letters whip in on a stretched motion-blur smear. Free HTML & CSS to copy, no JavaScript.",129,https://text-effects.colorion.co/effects/motion-blur-text-animation/,Motion Blur Text Animation in pure CSS,WebSite | BreadcrumbList | TechArticle,11,60407,30526,197
https://text-effects.colorion.co/effects/keyboard-keycap-text-animation/,200,"Keyboard Keycap Text Animation — Pure CSS, Free Code",52,"Keyboard Keycap Text Animation in pure CSS: mechanical keycaps bottom out one after another. Free HTML & CSS to copy, no JavaScript.",132,https://text-effects.colorion.co/effects/keyboard-keycap-text-animation/,Keyboard Keycap Text Animation in pure CSS,WebSite | BreadcrumbList | TechArticle,11,65053,32863,179
https://text-effects.colorion.co/effects/retro-text-effect/,200,"Retro 70s Text Effect — Pure CSS, Free Code",43,"Retro 70s Text Effect in pure CSS: 70s retro type. Free HTML & CSS to copy, no JavaScript.",90,https://text-effects.colorion.co/effects/retro-text-effect/,Retro 70s Text Effect in pure CSS,WebSite | BreadcrumbList | TechArticle,10,60825,32172,184
https://text-effects.colorion.co/effects/grunge-text-effect/,200,"Grunge Distressed Text Effect — Pure CSS, Free Code",51,"Grunge Distressed Text Effect in pure CSS: distressed type. Free HTML & CSS to copy, no JavaScript.",99,https://text-effects.colorion.co/effects/grunge-text-effect/,Grunge Distressed Text Effect in pure CSS,WebSite | BreadcrumbList | TechArticle,7,71502,36543,213
https://text-effects.colorion.co/effects/pew-pew-text-effect/,200,"Pew Pew Laser Text Effect — Pure CSS, Free Code",47,"Pew Pew Laser Text Effect in pure CSS: each letter fires in as a stretched laser bolt. Free HTML & CSS to copy, no JavaScript.",126,https://text-effects.colorion.co/effects/pew-pew-text-effect/,Pew Pew Laser Text Effect in pure CSS,WebSite | BreadcrumbList | TechArticle,16,67908,34636,219
https://text-effects.colorion.co/effects/invisible-ink-text-effect/,200,"Invisible Ink Text Effect — Pure CSS, Free Code",47,"Free invisible ink text effect made with pure CSS, no JavaScript. Copy the HTML and CSS, or an AI prompt to recreate it.",120,https://text-effects.colorion.co/effects/invisible-ink-text-effect/,Invisible Ink Text Effect in pure CSS,WebSite | BreadcrumbList | TechArticle,16,63864,32481,321
https://text-effects.colorion.co/effects/loud-text-animation/,200,"Loud Shouting Text Animation — Pure CSS, Free Code",50,"Loud Shouting Text Animation in pure CSS: the word swells up. Free HTML & CSS to copy, no JavaScript.",101,https://text-effects.colorion.co/effects/loud-text-animation/,Loud Shouting Text Animation in pure CSS,WebSite | BreadcrumbList | TechArticle,7,62431,33992,164
https://text-effects.colorion.co/effects/gentle-text-animation/,200,"Gentle Whisper Text Animation — Pure CSS, Free Code",51,"Gentle Whisper Text Animation in pure CSS: a gentle entrance. Free HTML & CSS to copy, no JavaScript.",101,https://text-effects.colorion.co/effects/gentle-text-animation/,Gentle Whisper Text Animation in pure CSS,WebSite | BreadcrumbList | TechArticle,11,58077,32133,189
https://text-effects.colorion.co/effects/text-changing-animation/,200,"Text Changing Animation — Pure CSS, Free Code",45,"Text Changing Animation in pure CSS: text changing animation. Free HTML & CSS to copy, no JavaScript.",101,https://text-effects.colorion.co/effects/text-changing-animation/,Text Changing Animation in pure CSS,WebSite | BreadcrumbList | TechArticle,12,58707,31569,209
https://text-effects.colorion.co/effects/text-loading-animation/,200,"Text Loading Animation — Pure CSS, Free Code",44,"Text Loading Animation in pure CSS: text loading animation. Free HTML & CSS to copy, no JavaScript.",99,https://text-effects.colorion.co/effects/text-loading-animation/,Text Loading Animation in pure CSS,WebSite | BreadcrumbList | TechArticle,14,65929,34636,214
https://text-effects.colorion.co/effects/fading-text-effect/,200,"Fading Text Effect — Pure CSS, Free Code",40,"Fading Text Effect in pure CSS: fading text effect. Free HTML & CSS to copy, no JavaScript.",91,https://text-effects.colorion.co/effects/fading-text-effect/,Fading Text Effect in pure CSS,WebSite | BreadcrumbList | TechArticle,11,60357,32133,202
